Algorithm,PublicKeyBytes,SecretKeyBytes,CiphertextBytes,SharedKeyBytes,KeyGen_ms,Encaps_ms,Decaps_ms
HQC-128,2249,2305,4433,64,1.9348670030012727,3.7894410197623074,5.707588978111744
HQC-192,4522,4586,8978,64,5.746177979744971,11.485945025924593,17.238957982044667
HQC-256,7245,7317,14421,64,10.438833967782557,20.93840902671218,31.57216199906543
