Algorithm,PublicKeyBytes,SecretKeyBytes,CiphertextBytes,SharedKeyBytes,KeyGen_ms,Encaps_ms,Decaps_ms
HQC-128,2249,2305,4433,64,1.9394429998556006,3.794659999812211,5.703357999891523
HQC-192,4522,4586,8978,64,5.7532069999979285,11.509780999858776,17.282041000044046
HQC-256,7245,7317,14421,64,10.438726000074894,20.954476000042632,31.54355900005612
