Algorithm,PublicKeyBytes,KeyGen_ms,Encapsulation_ms,Decapsulation_ms
secp256r1,65,1.7406789993401617,0.3832029760815203,0.0582069915253669
secp384r1,97,0.19991298904642463,0.40830401121638715,0.3174040175508708
secp521r1,133,0.18505097250454128,0.40518800960853696,0.3206350083928555
