Algorithm,PublicKeyBytes,KeyGen_ms,Encapsulation_ms,Decapsulation_ms
secp256r1,65,1.3136499910615385,0.2955850213766098,0.058469013310968876
secp384r1,97,0.17890200251713395,0.4149419837631285,0.3161630011163652
secp521r1,133,0.170573010109365,0.40943396743386984,0.33273297594860196
