Algorithm,PublicKeyBytes,SecretKeyBytes,CiphertextBytes,SharedKeyBytes,KeyGen_ms,Encaps_ms,Decaps_ms
ML-KEM-512,800,1632,768,32,0.11678703594952822,0.07853400893509388,0.08431007154285908
ML-KEM-768,1184,2400,1088,32,0.10239100083708763,0.10237598326057196,0.09741995017975569
ML-KEM-1024,1568,3168,1568,32,0.141620053909719,0.12113491538912058,0.13744598254561424
