Algorithm,PublicKeyBytes,SecretKeyBytes,CiphertextBytes,SharedKeyBytes,KeyGen_ms,Encaps_ms,Decaps_ms
ML-KEM-512,800,1632,768,32,0.09492307435721159,0.06611901335418224,0.07518602069467306
ML-KEM-768,1184,2400,1088,32,0.10946695692837238,0.09361410047858953,0.09741494432091713
ML-KEM-1024,1568,3168,1568,32,0.1280149444937706,0.1212019706144929,0.13599602971225977
