Algorithm,PublicKeyBytes,SecretKeyBytes,CiphertextBytes,SharedKeyBytes,KeyGen_ms,Encaps_ms,Decaps_ms
McEliece-348864,261120,6492,96,32,141.426932066679,0.22755004465579987,80.60946094337851
McEliece-6688128,1044992,13932,208,32,2221.881530014798,50.896647037006915,217.19871601089835
McEliece-8192128,1357824,14120,208,32,813.85670194868,0.6181569769978523,293.09161996934563
