Algorithm,PublicKeyBytes,SecretKeyBytes,CiphertextBytes,SharedKeyBytes,KeyGen_ms,Encaps_ms,Decaps_ms
HQC-128,2249,2305,4433,64,56.794633000208705,7.168996000018524,5.729463000079704
HQC-192,4522,4586,8978,64,5.742186000134097,11.525848000019323,76.53556900004332
HQC-256,7245,7317,14421,64,12.330345999998826,21.051867000096536,90.43714200015529
