Algorithm,PublicKeyBytes,KeyGen_ms,Encapsulation_ms,Decapsulation_ms
secp256r1,65,1.183181011583656,0.2799609792418778,0.0583709916099906
secp384r1,97,0.17391500296071172,0.42111100628972054,0.3176070167683065
secp521r1,133,0.17065898282453418,0.4045069799758494,0.32109301537275314
