Algorithm,PublicKeyBytes,KeyGen_ms,Encapsulation_ms,Decapsulation_ms
secp256r1,65,1.6337829874828458,0.36123598692938685,0.058461009757593274
secp384r1,97,0.1929780119098723,0.41804698412306607,0.31658701482228935
secp521r1,133,0.1743769971653819,0.4170319880358875,0.32234800164587796
