Algorithm,PublicKeyBytes,KeyGen_ms,Encapsulation_ms,Decapsulation_ms
secp256r1,65,2.025866007898003,0.4597760271281004,0.07185694994404912
secp384r1,97,0.19975099712610245,0.4272569785825908,0.316707999445498
secp521r1,133,0.18026202451437712,0.4021709901280701,0.3334800130687654
