Algorithm,PublicKeyBytes,SecretKeyBytes,CiphertextBytes,SharedKeyBytes,KeyGen_ms,Encaps_ms,Decaps_ms
ML-KEM-512,800,1632,768,32,0.0931069953367114,0.10352989193052053,0.06907701026648283
ML-KEM-768,1184,2400,1088,32,0.08388899732381105,0.08772499859333038,0.09939202573150396
ML-KEM-1024,1568,3168,1568,32,0.1197480596601963,0.11950999032706022,0.1357420114800334
