Algorithm,PublicKeyBytes,SecretKeyBytes,CiphertextBytes,SharedKeyBytes,KeyGen_ms,Encaps_ms,Decaps_ms
McEliece-348864,261120,6492,96,32,75.91277500614524,0.1476779580116272,22.044825018383563
McEliece-6688128,1044992,13932,208,32,290.184456971474,0.6410200148820877,94.78723397478461
McEliece-8192128,1357824,14120,208,32,339.05303198844194,0.5184200126677752,116.43442197237164
