Algorithm,PublicKeyBytes,SecretKeyBytes,CiphertextBytes,SharedKeyBytes,KeyGen_ms,Encaps_ms,Decaps_ms
HQC-128,2249,2305,4433,64,1.9145020050927997,3.7756770034320652,5.726072995457798
HQC-192,4522,4586,8978,64,5.734276957809925,11.474589991848916,17.278943036217242
HQC-256,7245,7317,14421,64,10.405450011603534,20.908556994982064,31.51802095817402
