Algorithm,PublicKeyBytes,SecretKeyBytes,CiphertextBytes,SharedKeyBytes,KeyGen_ms,Encaps_ms,Decaps_ms
HQC-128,2249,2305,4433,64,2.0352669998828787,3.78966100015532,5.718437999803427
HQC-192,4522,4586,8978,64,5.7412590003877995,11.515974000303686,17.288868000377988
HQC-256,7245,7317,14421,64,10.44764700009182,20.95227000017985,31.446316000256047
