Algorithm,PublicKeyBytes,SecretKeyBytes,CiphertextBytes,SharedKeyBytes,KeyGen_ms,Encaps_ms,Decaps_ms
ML-KEM-512,800,1632,768,32,0.09196589235216379,0.07060705684125423,0.0714190537109971
ML-KEM-768,1184,2400,1088,32,0.10867195669561625,0.09318196680396795,0.09910797234624624
ML-KEM-1024,1568,3168,1568,32,0.11929101310670376,0.12068799696862698,0.137201976031065
