Algorithm,PublicKeyBytes,KeyGen_ms,Encapsulation_ms,Decapsulation_ms
secp256r1,65,1.4258149894885719,0.30581100145354867,0.057887984439730644
secp384r1,97,0.1769689843058586,0.42123900493606925,0.31625101109966636
secp521r1,133,0.17343199579045177,0.40980399353429675,0.32159703550860286
