Algorithm,PublicKeyBytes,KeyGen_ms,Encapsulation_ms,Decapsulation_ms
secp256r1,65,1.6570519946981221,0.3527730004861951,0.058739009546115994
secp384r1,97,0.1858340110629797,0.42468501487746835,0.31738399411551654
secp521r1,133,0.17385202227160335,0.40570899727754295,0.3638109774328768
