Algorithm,PublicKeyBytes,SecretKeyBytes,CiphertextBytes,SharedKeyBytes,KeyGen_ms,Encaps_ms,Decaps_ms
ML-KEM-512,800,1632,768,32,0.10087504051625729,0.06620201747864485,0.07481302600353956
ML-KEM-768,1184,2400,1088,32,0.08825899567455053,0.0903209438547492,0.09832601062953472
ML-KEM-1024,1568,3168,1568,32,0.12290896847844124,0.12336496729403734,0.16114499885588884
