Algorithm,PublicKeyBytes,SecretKeyBytes,CiphertextBytes,SharedKeyBytes,KeyGen_ms,Encaps_ms,Decaps_ms
McEliece-348864,261120,6492,96,32,377.58603610564023,0.17994199879467487,22.044147015549242
McEliece-6688128,1044992,13932,208,32,2076.7500570509583,0.4650849150493741,94.87784805241972
McEliece-8192128,1357824,14120,208,32,324.078856036067,0.5156210390850902,126.80077494587749
