Algorithm,PublicKeyBytes,SecretKeyBytes,CiphertextBytes,SharedKeyBytes,KeyGen_ms,Encaps_ms,Decaps_ms
HQC-128,2249,2305,4433,64,1.921478018630296,3.7846239865757525,5.700314010027796
HQC-192,4522,4586,8978,64,5.72346500121057,11.477634019684047,17.248334013856947
HQC-256,7245,7317,14421,64,10.4697429924272,21.036391030065715,31.41263802535832
