Algorithm,PublicKeyBytes,SecretKeyBytes,CiphertextBytes,SharedKeyBytes,KeyGen_ms,Encaps_ms,Decaps_ms
HQC-128,2249,2305,4433,64,1.9556229999579955,3.790243999901577,5.713925999771163
HQC-192,4522,4586,8978,64,5.803352999919298,11.524893000114389,17.33307699987563
HQC-256,7245,7317,14421,64,10.551324999596545,21.00098099981551,31.61321500010672
