Algorithm,PublicKeyBytes,SecretKeyBytes,CiphertextBytes,SharedKeyBytes,KeyGen_ms,Encaps_ms,Decaps_ms
ML-KEM-512,800,1632,768,32,0.10746496263891459,0.07880304474383593,0.08321704808622599
ML-KEM-768,1184,2400,1088,32,0.10757800191640854,0.10146806016564369,0.0995659502223134
ML-KEM-1024,1568,3168,1568,32,0.12042105663567781,0.1197329256683588,0.1365429488942027
