Algorithm,PublicKeyBytes,SecretKeyBytes,CiphertextBytes,SharedKeyBytes,KeyGen_ms,Encaps_ms,Decaps_ms
HQC-128,2249,2305,4433,64,7.4418820440769196,6.328143004793674,5.720738030504435
HQC-192,4522,4586,8978,64,5.722858011722565,11.487422976642847,43.94497902831063
HQC-256,7245,7317,14421,64,11.842949956189841,20.933547988533974,91.4055309840478
